brown.grimes@hotmail.com,w_5yhfEN
reuben.heaney@hotmail.com,8JhcB_mH
dcronin@robel.com,V$qe{8+3
hcollier@veum.com,vVsU7/yN
vemard@gmail.com,gRfJ3$U7
showell@glover.com,NYt%H7F(
hector.fritsch@graham.com,Jn!.kXz9
grippin@jast.com,5xP&VW$U
zena.pfannerstill@yahoo.com,H]RLAuy3
sanford.marta@hotmail.com,5/JAj.U{
ibeatty@yahoo.com,6mH@cTvq
filiberto42@hotmail.com,*8HKk.G-
pdickens@hotmail.com,U/[2qL6Y
jstroman@gulgowski.org,{(yAekH2
rolando19@yost.info,fpRe7k$(
vernie13@gmail.com,x/V(!]6b
erick90@gmail.com,2bCnek?=
helen55@dare.org,_8k?vz)W
julie.terry@stehr.net,}8U(j^CS
salvatore65@yahoo.com,p[$6yAq@
raegan44@halvorson.com,knGZ3YV_
dena98@hotmail.com,>!QT_2zq
nikita86@yahoo.com,Ww}Q(7TB
mkulas@gmail.com,kT/6[EhW
ohara.mckayla@yahoo.com,mh}52AC+
btowne@reynolds.com,@)Ec&9.M
dell85@yahoo.com,eGd&?{a2
bfisher@murazik.net,2HfDux.d
deontae.daniel@kunde.com,-Q_+G7}a
haag.ressie@moore.com,3K.6D&Sw
josephine.ledner@yahoo.com,+Xh$MF5%
sylvia69@kirlin.com,t?2MGAs/
laney47@russel.com,ZrE-2e8(
zschaden@yahoo.com,N%5B8*b2
aric31@yahoo.com,Ez)N?2fa
douglas.alejandrin@pacocha.com,-w3nKEU+
gaylord.johan@erdman.com,jH6.RZzu
baron.sauer@hotmail.com,n=Y_]9Ls
ernser.mckenzie@koss.net,BZR>)u7j
qvolkman@franecki.com,QeXC8c!W
janet97@monahan.org,e3Bab=SK
kelly.leuschke@pagac.info,8fM&uZXJ
zroberts@yahoo.com,_t8rdA*T
diego38@gmail.com,b7D&LZfs
hkerluke@yahoo.com,ZjA=K5r+
schmidt.jacky@fahey.com,>Sx4YXP6
becker.breana@hotmail.com,n7dwN89?
grady44@mcdermott.com,&QEa=9uS
clair.gutmann@dicki.net,P>s)M[5x
jmurray@hotmail.com,@V?CGjZ5
tjohns@hotmail.com,k7w_8Yy$
kiana.rogahn@hotmail.com,Y/encA5w
smckenzie@homenick.com,5>}Vz{3*
rschiller@hotmail.com,M6tny_DU
daniel.raul@ernser.com,)6xQa7cG
susanna.kiehn@gmail.com,=5cbX2Sg
chadd.turner@hauck.com,BCR8xK.N
tatum38@schamberger.com,LKN.GgH9
yundt.johnpaul@yahoo.com,y[&tG)w8
claudia.ritchie@lemke.com,brS=mc3H
creola56@yahoo.com,9+-Ev!.K
morris49@hansen.com,87cw^=YW
louie.corwin@lesch.net,-{+L95uk
mcclure.hilario@terry.com,TGx?F7!t
zfranecki@hotmail.com,Nt2)=LFV
gillian.reichert@yahoo.com,[>*4WnG}
ebony.rau@jacobson.org,N[kW?8wC
lukas.rippin@gislason.com,zJj-35RG
adrianna.ondricka@yahoo.com,jHg_2V.}
ike.mante@hotmail.com,%Z9^YB$y
vhartmann@gmail.com,2rJc@b(G
adenesik@yahoo.com,86ubgR*]
kshlerin.alvera@gmail.com,aLFU5/YK
reagan.koepp@gmail.com,U5qjk%h9
ldickinson@schmidt.biz,K9/Ucy3!
harrison80@yahoo.com,Ewyv+x3H
ernesto79@bradtke.org,f.w9}BYS
kuhn.ned@hotmail.com,sPj9$Dhf
antwan75@ritchie.net,?xBv$!37
bernita.price@yahoo.com,&@Kjg}9x
dhessel@reinger.com,XBby5Eu?
qlabadie@yahoo.com,/9S[paAW
kaya94@hotmail.com,bA7d]e./
qhuel@prohaska.com,mga>%7Cv
jerrell55@mccullough.com,F7h_Jfp+
chester83@kemmer.com,ZLH=9VtU
rau.carmelo@gmail.com,8/Q]wBaN
ahartmann@hotmail.com,m?3dyq&M
lueilwitz.isai@walsh.org,.dHx4Z{F
gladys.emmerich@yahoo.com,er3xU9V%
kjast@hotmail.com,C+)t2qaD
kessler.aliza@wisozk.biz,W^5z8eEV
coberbrunner@yahoo.com,5bA=n7xw
francesco11@mayer.com,(*exDa52
scormier@borer.com,?VEnP!^9
geovany.armstrong@kunze.com,327pT_$5
kbechtelar@hansen.com,@s-Uz6ZM
alysa16@yahoo.com,VKf@t{9!
ubergnaum@swaniawski.com,)gVPm9B.
zwhite@yahoo.com,/s5&W?nS
parisian.willow@feest.com,6k2Q)H^%
autumn.stoltenberg@hotmail.com,zf[D]-H2
jruecker@hotmail.com,7Je$.zfL
paucek.nikki@botsford.com,5ng.u>Gz
amparo.cartwright@jakubowski.com,N2y6fhx/
jmonahan@gibson.net,sNM_P4S6
millie30@hotmail.com,thQ*2%aC
sylvan.cole@gmail.com,hS^uDp2N
runte.kara@batz.net,Vc9-y%]j
romaguera.liza@bailey.com,&n5UZ].g
rogers54@damore.biz,5S-3*JfM
cbode@hotmail.com,b2Ge7%nY
khill@tremblay.com,*B/Ts$D3
msauer@schulist.com,gGr@/d&8
vernie.hammes@turcotte.org,49gqce=U
mfeil@yahoo.com,.!8/mwbC
agrady@bergnaum.com,DAdj7uV[
ellen69@gmail.com,}7nh%?DR
epagac@hills.com,q(YeW7R/
hickle.kirk@hane.com,8CRuN-ZV
predovic.audra@yahoo.com,C6}4=[!p
haleigh92@koelpin.info,wrJ)L2t@
yhermiston@yahoo.com,N@rJXR9S
idella30@nolan.biz,}UyeNA92
lori.hyatt@schneider.com,28?Gs&xQ
beverly.kassulke@schulist.com,n@6!_DmR
trantow.alda@hotmail.com,?87e)-JP
oberbrunner.sarai@gmail.com,GQ6YZ.a[
brekke.donavon@gmail.com,&@Y5)E?q
demetrius.mcdermott@hotmail.com,BDH_b2Pd
layne66@hotmail.com,XcW2^Ck%
edmond.lehner@hahn.org,Z.tsqTK5
jana47@watsica.com,@_tN*Q3f
goodwin.lavon@steuber.org,C9_N{Zm+
prosacco.liliana@gmail.com,kAN=S8gw
berge.lilla@kautzer.com,!J{u-*9X
yfranecki@ruecker.com,^>CejZb6
halvorson.reta@doyle.com,K46ta{8}
goodwin.jackson@hagenes.biz,Sk3vA8_K
jeanette.predovic@roberts.com,rYS{$X5.
marilyne.mann@gmail.com,-X7Qb/*x
schmitt.jayne@torp.biz,]YBDdP-9
khalid.greenfelder@yahoo.com,4eh$pu_K
winston73@hotmail.com,rsA&X6C!
rbashirian@boehm.com,N)7aAupP
hlang@yahoo.com,g)7kNX}!
charles.gorczany@hotmail.com,=]pYL9a(
stroman.erwin@kautzer.org,5jZr%d+L
elta.deckow@hotmail.com,qz@!4VQ{
jovany69@hotmail.com,(Bh/cK6W
torphy.cassidy@gmail.com,+wcg7[XT
anderson.erdman@ankunding.biz,&j5.*^FN
ava.wuckert@hotmail.com,/e)Sz5CW
langosh.karlee@gmail.com,rNbL-7yg
herbert.mills@parisian.biz,Z&9z$2pT
mike.hettinger@connelly.info,KEY9uU&d
hailee69@yahoo.com,m@X3_G{.
femmerich@wintheiser.org,+*Jv8.nS
lera82@koss.com,JFBtQ}^5
pearlie.oberbrunner@hotmail.com,km5{SJ$j
hassan84@greenholt.net,gek]h&4Y
maynard48@hotmail.com,tm_5E8g4
mozell.champlin@volkman.biz,2(%U=vCa
lukas29@ankunding.info,BPFV@fn6
snikolaus@hintz.com,a>kb7h?U
hoeger.jeromy@wiza.com,B9Mhv.tk
brekke.jamal@gmail.com,TwqP3&X=
ledner.rebecca@schuppe.com,/Yzhq)y7
stark.orpha@gmail.com,Js%>=G8(
glenda71@cremin.org,(2juH&qd
abshire.dangelo@hotmail.com,bB9K?_a8
lenore.abshire@hotmail.com,fyZ*2F./
lowe.edgar@harvey.com,BRjs(LK2
foster.mann@toy.com,vn46=^T{
dessie32@yahoo.com,vPdn^9bc
jcronin@boyer.net,uTy3xjC^
josianne56@jacobi.net,hV}9Ms{t
yrau@hamill.info,{v3%[.*A
nicola.mertz@rippin.org,@8%qp/uF
kerluke.dwight@jast.com,HW!sv2[f
rosemary26@gmail.com,(h+JM8W9
tmann@orn.net,gf_Zjp9*
gnikolaus@hotmail.com,dEG)4>v9
collins.maida@hamill.com,Prh2Ez{R
ephraim09@gmail.com,2$LtQDRV
wmosciski@dibbert.com,F*.5h=CU
elvera.kovacek@hauck.info,BW!Kshp8
devin86@kessler.com,qj5Q4)[H
fisher.sabina@turner.com,Z(n_WL4g
zieme.ulices@tremblay.info,!LuBQ4J@
bmetz@gmail.com,aT3+s]$>
upton.ana@shields.com,wW_&+4$r
langworth.renee@yahoo.com,Z_CbN+9v
kerluke.anthony@beer.org,#NAME?
casimir93@yahoo.com,2Y@aB.c?
oharber@hotmail.com,P4FZ!hXs
mlind@gmail.com,UTqR6]73
heidenreich.garret@miller.com,+WSn4@hT
qlangosh@gmail.com,Rup}=mf6
mbeatty@yahoo.com,h-7nfpFc
ozella16@stoltenberg.org,pM8)=ra*
kward@gmail.com,DH?*RJq6
zcarter@yahoo.com,#NAME?
kuhic.brionna@kirlin.info,!y7swUQM
onie.barrows@hotmail.com,8[dn=vZY
gchristiansen@marvin.info,)3^e6Ysa
jordane89@wilkinson.com,&W6_}4am
hickle.stone@krajcik.net,-sW=2vST
maureen.kozey@yahoo.com,e+mRE!7(
zboncak.horacio@hane.com,$9.N+zBC
feest.emmalee@yahoo.com,#NAME?
levi82@yahoo.com,a6^eF)Wr
lmiller@zboncak.com,WH9c}v[&
vupton@yahoo.com,2Gb>uc)L
nichole.medhurst@gmail.com,Ug*y[6dX
rae.koelpin@hotmail.com,v3!xjRE2
elinore29@parisian.com,pPw7L>?k
connelly.johnpaul@mills.com,rC?25Ljx
murphy.stark@yahoo.com,=5PTbDvH
avon@crooks.com,wU7FW^LH
quitzon.hollis@padberg.com,Am8TH?uP
guido.torphy@hotmail.com,Y&A4>rF9
emilio43@hotmail.com,t_Ma5pK{
strosin.alex@hotmail.com,%VF+85y)
oward@tromp.com,@T6u+Ksb
jaquelin.toy@gmail.com,Ue.KYmw4
vwehner@hotmail.com,#NAME?
jaskolski.silas@sawayn.net,r8.7QE5N
roob.nedra@romaguera.com,9t[U>{Mx
federico.moore@lemke.com,$[t{E5Z>
fullrich@gmail.com,nrq7u-?P
issac51@conn.com,N.r($C&7
therese.nicolas@farrell.com,&EA)Gcj7
keeley57@yahoo.com,5P?J}jYC
sigmund.frami@mayer.com,TaD8E{X+
marques80@ruecker.com,*!4eFc.G
hand.erica@miller.org,s_4w5Pct
nquitzon@yahoo.com,PY9]_Utu
wisozk.mervin@zulauf.net,nK>b$d2*
obernier@gmail.com,s5n.WVwK
kirlin.lamont@olson.org,.RWakyX2
predovic.charles@mann.com,T4YnDP9^
idickens@kuvalis.com,zQs+2v4%
gutkowski.julia@yahoo.com,mewFz9&>
feeney.pasquale@hotmail.com,5E>V.SmJ
ogrimes@bruen.org,7WNszKp(
pdickinson@bednar.com,n>UV5964
irving.senger@funk.org,M-yp5^9s
dkeebler@nicolas.net,b%KrS3zP
ankunding.luz@shanahan.com,%7cEv.DR
ondricka.ansley@schiller.com,Y&7@3nx^
aurelio87@murphy.org,s!7XLy$a
hegmann.kailyn@lemke.net,MDP4>xdC
shane@yahoo.com,7TJK_&+j
uokon@schamberger.com,ut6{GEpJ
elva72@yahoo.com,8%6q[bQy
agustina08@cormier.net,5Npk&jGa
dheidenreich@gmail.com,{u)eZHq8
donny97@west.com,wJn3%{Q>
fay.ellie@dare.com,y)S9U?%X
thaddeus69@stamm.com,dbxhFt>4
eileen.herzog@johns.com,&2?$tTcM
coleman44@hudson.com,j5([&P?n
cesar.mccullough@herzog.com,a@7QL?d_
katrine.bergstrom@yahoo.com,2qu8mKP+
vbruen@gmail.com,RyE/?2=D
luettgen.felicita@hotmail.com,nhg_8QS+
elyse37@stark.com,2CEA-xgT
oswaldo.heller@gmail.com,XvT8bL>K
deja.crooks@grant.com,H_s2u6Ub
rohan.erik@kunze.com,n*62E${c
beatrice39@ryan.info,hP>^q42&
ehegmann@yahoo.com,DY7xu?qg
tstoltenberg@gmail.com,Ju>*AD9-
schuster.lance@keeling.com,?4cP+&s_
brown.amanda@raynor.com,Y[FX2@na
rblick@yahoo.com,!q4fFUg+
omer14@gmail.com,9MjYXnS&
abigayle.johnson@parisian.com,?kUP8A3b
fbergstrom@hotmail.com,AMU2c/_X
jessica.jacobs@nienow.com,dp)=NP2!
omari92@klein.org,9Bm6*h.a
rcrona@steuber.org,ZJH%2^yK
crona.eduardo@cruickshank.com,Q8@.RhMP
schiller.dewayne@quigley.com,L6]5dAnH
oscar.fay@carroll.com,QCq6Mj@T
zprice@hotmail.com,=FV]?%h8
czemlak@hotmail.com,#NAME?
quinten.schimmel@cummerata.com,9x].uP?r
rpagac@hotmail.com,}KT{Fb4f
sylvia.romaguera@yahoo.com,-f!L7%su
fheathcote@yahoo.com,ukV{-t27
damore.verla@schaefer.com,^fy$F2x+
lori85@yahoo.com,gJ2Pz@ur
jairo.block@yahoo.com,%sxWa(7b
schoen.marjorie@yahoo.com,9X}j5MDR
molly.gulgowski@smitham.biz,sv^g8HN5
rstark@hotmail.com,r@b8K({E
ngreen@gmail.com,J)9}Bg76
hollie.parker@hotmail.com,aHW>r!7?
crooks.rico@renner.org,8>P-hB}w
bkovacek@windler.info,qVU6wr=N
qondricka@stanton.info,Xz[6D>G*
wdurgan@yahoo.com,ec5)uK/b
chuel@yahoo.com,=Vy/]T9j
bryana34@gmail.com,_83YQUmW
graham.carole@yahoo.com,)b!Gw2%}
jermaine.pagac@beatty.com,7hWnq9_?
fmurphy@mraz.com,{w8n]BmQ
yhickle@adams.com,xE2_MRvG
kiehn.cooper@nikolaus.info,Hx%.hj29
hermann.anika@wunsch.info,qE^48DQk
brendan36@smith.com,uzg=Y2p]
gkunde@gmail.com,6V)eEN_2
fidel.wuckert@gmail.com,KYd5Ae$[
malvina18@hoppe.com,=qDjy6z-
grayson.auer@yahoo.com,7rD%jXQ5
pchristiansen@kuphal.org,y7)K3?9*
hand.lloyd@gmail.com,j}Wd)Dy4
gino.kreiger@gmail.com,C[GpBn2t
ocronin@hotmail.com,n{a^U92s
alexie47@yahoo.com,#NAME?
gregory.kuhn@hessel.com,H&.sbe8D
roel.bartoletti@pfannerstill.org,^9dS$q5/
cydney.harber@yahoo.com,]W^?{G7a
garnet17@blick.org,Gz$_9Eep
harvey.bill@gmail.com,KE_Sw9m%
jaydon45@gmail.com,ft5QwM[%
judge31@yahoo.com,d8h7P*Ua
sidney19@yahoo.com,Krd3@Gw7
norene.kiehn@powlowski.com,jB}4A9*r
elenor01@gmail.com,=n+>6sK_
jacky58@cassin.com,abrZm.g2
alysha96@yahoo.com,!REsWPX6
kuhn.kaelyn@keebler.com,mghk2]Tp
fay.bettye@yahoo.com,AgT*H6c.
darrion05@weber.com,mZF&hU$4
yjerde@jakubowski.com,8gnYB%*m
jmorissette@gmail.com,GNVvP%3F
mose12@koch.com,7m3W(Z}G
qrogahn@yahoo.com,ugz8BaN(
lemuel45@gutkowski.org,7xJqTbM&
ybergstrom@yahoo.com,6hV_(L^>
littel.amir@gmail.com,8]HzNse3
swift.shad@halvorson.com,RN[7/Yf8
quigley.holden@hotmail.com,{V92dt@L
alexanne54@boyle.com,P-5Yp$X/
kirstin51@goodwin.com,]{)S[3sj
robert.pfannerstill@gmail.com,9V*4FWAb
smith.casimir@yahoo.com,bw5QAj!+
tracey.casper@durgan.com,.xeq8WCE
jany.erdman@hotmail.com,*!PyV3w9
ilehner@hotmail.com,4$5zT8-x
jude.beatty@sipes.com,P^)&5n=G
mona.harber@yahoo.com,8MdF}yhn
esmeralda98@wilkinson.biz,Ue5(X6p+
green.jamison@hotmail.com,c^2.K[eH
jackeline.hamill@prohaska.info,>d$Y2RH*
feil.fredrick@torp.com,J$^n6X+d
lonny41@yahoo.com,)LbFtTv7
emiliano.zieme@buckridge.com,4/UQEs>Y
cbednar@hotmail.com,?W%cGr7E
kelsie99@hotmail.com,M2-zcEdy
okeefe.anya@hotmail.com,?kvq)W7u
koss.damion@hotmail.com,L8YT]d2$
velva64@hotmail.com,2{?V6}b8
grayson.legros@franecki.com,2yMHC&Z>
mayert.meda@yahoo.com,Z^*%4eju
slittel@hotmail.com,e.n2_$Wx
hammes.gianni@gmail.com,2x@jJ3+6
ohintz@gmail.com,&W5f.]SM
mateo13@watsica.com,*ymb&9LB
winona50@morar.biz,J^w=96N[
xheidenreich@rippin.com,PG+Zf-M2
nlind@walker.com,Qs2)3^%>
german55@gmail.com,m4X%Y^Jr
elmore10@reynolds.biz,np.78$qU
ed23@gmail.com,]>aub8.J
gorczany.aniyah@gmail.com,3djeC*RN
balistreri.brooks@gmail.com,trSf%J5F
jmiller@yahoo.com,nVy_SU6&
keanu.frami@hintz.com,!z4{DWA.
destiny26@gmail.com,7.4gSK=B
garett.bruen@hotmail.com,6?PnLq9S
alessia.aufderhar@hotmail.com,&Rw2jVJk
schinner.darion@gmail.com,9b?$5zMt
myrtice.kertzmann@littel.net,T8%.Uyb}
wilma.becker@stanton.com,9MCgXU_a
imani81@boyle.com,4ueaBMA+
hessel.anabelle@yahoo.com,+78Q&5Mw
scottie.beer@halvorson.com,cY95a(JC
chelsey08@ruecker.com,9FU(y_2/
rashawn39@bosco.com,_^Ubm{S7
doyle.bertram@kuhic.com,pSqrg6-U
berge.elmer@yahoo.com,m6}7CpL!
edythe.kiehn@koepp.org,Z7@xzbsn
armani.lynch@hotmail.com,^?-Q{8m4
iwuckert@yahoo.com,Rt3f.4es
hoppe.benton@schowalter.com,XKE$(d3n
vrutherford@balistreri.com,.@5KkqvD
jarrod13@ullrich.biz,@P4s>XgH
leffler.stanley@keebler.com,h@X7wEaA
candace99@mosciski.biz,3@r&^jD6
hallie12@terry.biz,h6C.8>Wt
norma40@yahoo.com,m5+XdMuB
schmeler.jedediah@gmail.com,jG=s8)*3
tom87@mann.net,DU4SH-d3
dalton.mcclure@mcglynn.org,6JDu}E(c
sid81@gmail.com,yLMsH4n{
hagenes.arielle@gmail.com,y-$6)QB>
mhansen@pagac.com,.8=dwzNs
jessy.schulist@gmail.com,?9Fu&LjN
kyleigh.west@yahoo.com,jx&b9P!+
nstiedemann@hotmail.com,wX/=3Rq)
lolson@borer.com,%9kX8)A+
harmony.emard@damore.com,9eJcDrx^
thompson.blake@hotmail.com,Qn-)9BS4
kadin.ryan@gmail.com,25(B$R?j
lsmitham@hirthe.com,bM.2-mhd
cremin.kennedy@von.info,buAsD]9w
morar.garrett@hayes.info,rW8Q*2@y
jerome.damore@will.com,@Th7tC3w
carrie33@runolfsdottir.org,bS37}am8
crona.verner@romaguera.net,=e2G*bz]
irath@reynolds.com,y)AcQ2FD
steuber.marta@hotmail.com,Evd&qj7T
violet96@yahoo.com,#NAME?
beatty.bennett@quigley.com,mfbG8CZ?
lucie.zieme@yahoo.com,8+SL=(rD
goodwin.ellis@connelly.biz,VWFMj_5G
macejkovic.blanca@yahoo.com,ZJ?2LYwy
heller.deanna@hotmail.com,Z9*p45wS
pmraz@hotmail.com,kU-wDE7r
nohara@jaskolski.com,N*D4Y7Kw
haleigh.rohan@hotmail.com,k%[pt3GK
mcglynn.dejuan@gmail.com,6F9=srBh
deckow.sidney@yahoo.com,4RVS?3dX
lprice@watsica.com,E[y*dj2D
oconner.sven@yahoo.com,NL4rtM*s
umante@gmail.com,+6r4gP!.
ulices.heller@stokes.com,d$H4+mbr
goyette.elsie@greenfelder.com,7UuS!>n@
alexane83@lemke.com,vDy=w4L{
frances57@yahoo.com,u92Yvqy>
barry.mcdermott@hotmail.com,D_5tH+YT
crona.bart@johns.org,C$qkS.>7
william24@brekke.org,9xjMe-az
lemke.abraham@hotmail.com,8xW>nsmF
schinner.cortney@stamm.biz,mpN?xfG2
xroob@yahoo.com,D7(sdgfV
ritchie.meghan@renner.com,s3CDf*=K
ljohns@hotmail.com,S2!)4k_7
danny54@marvin.com,n4$AJ3yx
enid.kreiger@abernathy.com,-5XKqrfz
savanna48@ortiz.com,zTyBwV/9
araceli29@gmail.com,2[YvVEGX
kirlin.ardith@yahoo.com,]k53TZ9v
anderson.alivia@yahoo.com,r&e8CkJ_
ycarroll@yahoo.com,NL.Xx2kS
gklein@hotmail.com,97(pkWY]
luettgen.bella@osinski.net,{APf4_Q7
rjaskolski@gmail.com,=n7ZxMJ)
maudie24@hotmail.com,U=m(P4Nb
bailee80@hotmail.com,2YUh=@/{
ferry.trenton@gmail.com,tSr.Tz_3
alexandra.rippin@shanahan.com,*a)3ZXL4
angie.hahn@oconnell.com,s[PK+9rv
powlowski.henriette@metz.com,s?a6FyLr
fisher.karianne@bins.com,kTr@X8Mb
lucienne44@yahoo.com,7w?/R=PE
devante63@runolfsdottir.biz,Md&vm7{q
nyah.hahn@hotmail.com,8hF*.X7A
npagac@hotmail.com,&k/3TQts
adolf.conn@hotmail.com,%2*wB}v5
paucek.ron@watsica.net,{3g5BvA[
ziemann.wilfred@goodwin.biz,DPfTV3])
aroberts@yahoo.com,=/D4v*n)
kbradtke@hotmail.com,^5Par&RA
granville.douglas@hotmail.com,wt.T8A9a
dpredovic@hotmail.com,F3k4-@59
bosco.river@herman.com,DV^S=9b2
gregory.macejkovic@nolan.com,dgE7()Kx
rmoore@yahoo.com,#NAME?
akeem41@gmail.com,j3yQ!T.p
brown.edyth@hotmail.com,>{z/Sna4
skuvalis@cremin.com,9+UbwH.8
vwalsh@gmail.com,@3*%Y[7c
naomie.stoltenberg@tromp.biz,E=Yz![4@
jenkins.sandrine@yahoo.com,[&p_U6r%
krajcik.loyce@yahoo.com,ks-NSb9M
abigale39@mayert.com,?wN2hsT-
qbeier@hotmail.com,3Zpt>Aqa
vdooley@hotmail.com,j9PRy+&M
graham.donato@cummings.com,h2tT%)6k
bernhard.myah@prohaska.biz,5wA+JpPe
raul17@oconnell.org,2%N7BcAL
ruthe72@bahringer.com,ZX-5@$dH
glangworth@heaney.com,eA>_xb8Z
shyanne.orn@hotmail.com,+wk4R=B]
nbartell@hotmail.com,?P8aH+4S
nayeli26@hotmail.com,=qDjy6z-
nora.block@hotmail.com,7rD%jXQ5
curt.harris@hotmail.com,y7)K3?9*
candace.tremblay@sanford.com,j}Wd)Dy4
kshlerin.cordell@macejkovic.net,C[GpBn2t
ella27@yahoo.com,n{a^U92s
chanel04@yahoo.com,#NAME?
kira.prosacco@crona.com,H&.sbe8D
milton.morissette@ledner.com,^9dS$q5/
winona.wintheiser@yahoo.com,]W^?{G7a
marcelina.moore@hotmail.com,Gz$_9Eep
collier.madilyn@vonrueden.info,KE_Sw9m%
mcclure.yvonne@hammes.com,ft5QwM[%
ryleigh.cummerata@yahoo.com,d8h7P*Ua
mattie79@kiehn.org,Krd3@Gw7
holden.rowe@yahoo.com,jB}4A9*r
jany32@franecki.com,=n+>6sK_
guillermo83@stehr.com,abrZm.g2
tatyana14@gmail.com,!REsWPX6
bahringer.camren@grant.org,mghk2]Tp
hklein@von.com,AgT*H6c.
darien62@yahoo.com,mZF&hU$4
marty.west@yahoo.com,8gnYB%*m
aschuppe@gaylord.com,GNVvP%3F
elliot12@erdman.com,7m3W(Z}G
zeichmann@hotmail.com,ugz8BaN(
umohr@funk.com,7xJqTbM&
gorczany.heath@lynch.com,6hV_(L^>
celestine08@greenholt.com,8]HzNse3
winnifred65@gmail.com,RN[7/Yf8
flavie68@yahoo.com,{V92dt@L
jana.jacobi@gerlach.com,P-5Yp$X/
erogahn@yahoo.com,]{)S[3sj
cummerata.elmira@denesik.biz,9V*4FWAb
mellie98@yahoo.com,bw5QAj!+
muhammad.marks@cronin.biz,.xeq8WCE
maximillia89@hotmail.com,*!PyV3w9
jamil27@kshlerin.info,4$5zT8-x
ltrantow@barton.biz,P^)&5n=G
ursula22@abbott.com,8MdF}yhn
greenfelder.pansy@lang.com,Ue5(X6p+
jade.hegmann@kub.com,c^2.K[eH
luettgen.esther@bauch.com,>d$Y2RH*
chad.rippin@gmail.com,J$^n6X+d
thora.smitham@hotmail.com,)LbFtTv7
wisozk.norene@schmidt.com,4/UQEs>Y
schuppe.rickey@bernhard.com,?W%cGr7E
lela80@hotmail.com,M2-zcEdy
xlang@lowe.biz,?kvq)W7u
bechtelar.thad@yahoo.com,L8YT]d2$
nannie.oberbrunner@yahoo.com,2{?V6}b8
thessel@parker.com,2yMHC&Z>
una99@corkery.com,Z^*%4eju
nikita.nolan@pouros.com,e.n2_$Wx
omurphy@yahoo.com,2x@jJ3+6
yessenia09@lang.com,&W5f.]SM
vdaugherty@kuphal.com,*ymb&9LB
annabell.hegmann@stiedemann.net,J^w=96N[
gutmann.lilla@yahoo.com,PG+Zf-M2
dkirlin@morissette.net,Qs2)3^%>
iruecker@gmail.com,m4X%Y^Jr
gcassin@champlin.org,np.78$qU
gutkowski.delia@yahoo.com,]>aub8.J
sfahey@rowe.biz,3djeC*RN
aidan.collins@hotmail.com,trSf%J5F
aubree.bednar@crist.org,nVy_SU6&
oceane.hills@welch.biz,!z4{DWA.
swilliamson@johnston.com,7.4gSK=B
vemmerich@yahoo.com,6?PnLq9S
zackary.gulgowski@cronin.com,&Rw2jVJk
owen43@hotmail.com,9b?$5zMt
blaise.greenfelder@hotmail.com,T8%.Uyb}
elisabeth51@hotmail.com,9MCgXU_a
caterina64@franecki.info,4ueaBMA+
huels.luella@langosh.com,+78Q&5Mw
wboehm@bauch.com,cY95a(JC
davonte19@gmail.com,9FU(y_2/
qlind@yahoo.com,_^Ubm{S7
pjohnson@yahoo.com,pSqrg6-U
vbecker@yahoo.com,m6}7CpL!
anthony.franecki@heidenreich.biz,Z7@xzbsn
rklocko@yahoo.com,^?-Q{8m4
ylittel@keebler.org,Rt3f.4es
juana58@hills.com,XKE$(d3n
ddicki@yahoo.com,.@5KkqvD
alyson09@gmail.com,@P4s>XgH
oconnell.dedric@prohaska.net,h@X7wEaA
skiles.malcolm@hotmail.com,3@r&^jD6
oconnell.helen@hotmail.com,h6C.8>Wt
skeeling@yahoo.com,m5+XdMuB
ljohnston@yahoo.com,jG=s8)*3
wyman.schaden@yahoo.com,DU4SH-d3
pfeffer.genoveva@nolan.com,6JDu}E(c
alexis49@greenfelder.com,yLMsH4n{
eugenia89@gmail.com,y-$6)QB>
teichmann@yahoo.com,.8=dwzNs
duncan33@osinski.org,?9Fu&LjN
cgerlach@batz.com,jx&b9P!+
emmitt10@medhurst.org,wX/=3Rq)
domenick97@cummerata.com,%9kX8)A+
christa42@stoltenberg.net,9eJcDrx^
walsh.albert@yahoo.com,Qn-)9BS4
krolfson@yahoo.com,25(B$R?j
tremaine.kovacek@schoen.net,bM.2-mhd
bertrand97@wolff.info,buAsD]9w
okon.addie@thompson.biz,rW8Q*2@y
dedric.oconner@gmail.com,@Th7tC3w
zpredovic@runte.com,bS37}am8
udouglas@quigley.com,=e2G*bz]
gail.langworth@gmail.com,y)AcQ2FD
zulauf.jennie@lesch.info,Evd&qj7T
cielo.mohr@tremblay.info,#NAME?
ehayes@yahoo.com,mfbG8CZ?
kiehn.eloise@abernathy.com,8+SL=(rD
fritsch.dahlia@abbott.info,VWFMj_5G
zula78@padberg.com,ZJ?2LYwy
elena65@witting.com,Z9*p45wS
hauck.aletha@yahoo.com,kU-wDE7r
ryan.deon@botsford.com,N*D4Y7Kw
rae.nitzsche@conroy.com,k%[pt3GK
okeefe.gay@veum.com,6F9=srBh
marianna.flatley@corwin.com,4RVS?3dX
antonietta.vandervort@dibbert.net,E[y*dj2D
mara59@raynor.com,NL4rtM*s
kub.mae@schaden.com,+6r4gP!.
yconn@gmail.com,d$H4+mbr
jaqueline.block@hodkiewicz.com,7UuS!>n@
ewyman@gmail.com,vDy=w4L{
konopelski.arlene@hotmail.com,u92Yvqy>
stanford72@gmail.com,D_5tH+YT
bbailey@keebler.com,C$qkS.>7
kunde.flossie@hotmail.com,9xjMe-az
kyleigh.huel@lowe.com,8xW>nsmF
jgutkowski@gmail.com,mpN?xfG2
roger.volkman@yahoo.com,D7(sdgfV
okeefe.wilfredo@nikolaus.com,s3CDf*=K
vstanton@hotmail.com,S2!)4k_7
freeman35@hotmail.com,n4$AJ3yx
ulynch@dicki.com,-5XKqrfz
conn.bulah@yahoo.com,zTyBwV/9
scremin@walter.biz,2[YvVEGX
gerhold.chester@donnelly.info,]k53TZ9v
beier.charles@ferry.biz,r&e8CkJ_
gus.willms@yahoo.com,NL.Xx2kS
gleason.mittie@yahoo.com,97(pkWY]
schaefer.cheyenne@ferry.net,{APf4_Q7
ggreenholt@gmail.com,=n7ZxMJ)
jensen.daugherty@feeney.com,U=m(P4Nb
pmuller@hotmail.com,2YUh=@/{
hledner@yahoo.com,tSr.Tz_3
carissa.strosin@lowe.net,*a)3ZXL4
jayce.sauer@bode.biz,s[PK+9rv
susanna.oconner@hayes.info,s?a6FyLr
janis81@shields.com,kTr@X8Mb
melba.oconnell@hotmail.com,7w?/R=PE
rhalvorson@schmeler.com,Md&vm7{q
creinger@huel.com,8hF*.X7A
schaefer.jerad@yahoo.com,&k/3TQts
wintheiser.skye@boyle.biz,%2*wB}v5
block.reece@kub.info,{3g5BvA[
alfonso.renner@hotmail.com,DPfTV3])
lubowitz.jerel@yahoo.com,=/D4v*n)
zberge@schamberger.org,^5Par&RA
miller.clair@yahoo.com,wt.T8A9a
stacy.mcglynn@gmail.com,F3k4-@59
maymie.daugherty@hotmail.com,DV^S=9b2
qpadberg@corwin.org,dgE7()Kx
wuckert.jaylan@goodwin.com,#NAME?
coralie00@altenwerth.info,j3yQ!T.p
oconnelly@yahoo.com,>{z/Sna4
pearlie.wiegand@feil.com,9+UbwH.8
borer.myah@gmail.com,@3*%Y[7c
kristin48@senger.biz,E=Yz![4@
blick.myrna@cassin.info,[&p_U6r%
darrick18@nicolas.com,ks-NSb9M
tania66@hotmail.com,?wN2hsT-
barbara.greenholt@dietrich.com,3Zpt>Aqa
hahn.jameson@ritchie.com,j9PRy+&M
carol15@adams.com,h2tT%)6k
uolson@hotmail.com,5wA+JpPe
zmclaughlin@beer.com,2%N7BcAL
alison.douglas@hotmail.com,ZX-5@$dH
xstiedemann@ratke.com,eA>_xb8Z
nash52@mann.net,+wk4R=B]
durgan.deanna@bartell.com,?P8aH+4S
izaiah.orn@mohr.net,=qDjy6z-
jarret89@goldner.com,7rD%jXQ5
carolanne.roberts@yahoo.com,y7)K3?9*
abdul.macejkovic@yahoo.com,j}Wd)Dy4
willa.batz@yahoo.com,C[GpBn2t
kirstin.hackett@braun.com,n{a^U92s
prince51@gmail.com,#NAME?
pzulauf@gmail.com,H&.sbe8D
mfarrell@yahoo.com,^9dS$q5/
bhodkiewicz@yahoo.com,]W^?{G7a
reginald.dietrich@yahoo.com,Gz$_9Eep
marquardt.skye@gmail.com,KE_Sw9m%
maureen31@dare.biz,ft5QwM[%
keeling.darrick@hotmail.com,d8h7P*Ua
eula.bernhard@raynor.com,Krd3@Gw7
demario50@hotmail.com,jB}4A9*r
jaylan.sipes@yahoo.com,=n+>6sK_
annalise.kautzer@barrows.com,abrZm.g2
schuppe.kelsie@gleason.info,!REsWPX6
rose36@rodriguez.com,mghk2]Tp
anderson.naomie@yundt.com,AgT*H6c.
nitzsche.rosendo@oreilly.net,mZF&hU$4
yziemann@kihn.com,8gnYB%*m
andre.stiedemann@gmail.com,GNVvP%3F
eveline40@herzog.com,7m3W(Z}G
neal85@heller.com,ugz8BaN(
mary35@gmail.com,7xJqTbM&
mariane71@collins.com,6hV_(L^>
vboehm@hessel.org,8]HzNse3
faye.cormier@yahoo.com,RN[7/Yf8
dee79@hotmail.com,{V92dt@L
skiles.elsa@graham.com,P-5Yp$X/
writchie@yahoo.com,]{)S[3sj
yhettinger@yahoo.com,9V*4FWAb
yveum@bins.com,bw5QAj!+
camryn36@hotmail.com,.xeq8WCE
little.natasha@hotmail.com,*!PyV3w9
woconner@hotmail.com,4$5zT8-x
johann.orn@christiansen.com,P^)&5n=G
marcelino.labadie@pagac.info,8MdF}yhn
tyreek50@monahan.biz,Ue5(X6p+
wmedhurst@feest.com,c^2.K[eH
schoen.newell@jacobi.com,>d$Y2RH*
gardner29@yahoo.com,J$^n6X+d
orlo23@tremblay.com,)LbFtTv7
brooklyn.feest@jones.com,4/UQEs>Y
madie.koelpin@hessel.biz,?W%cGr7E
irving.wyman@monahan.com,M2-zcEdy
coralie.strosin@yahoo.com,?kvq)W7u
annetta.hermann@hansen.net,L8YT]d2$
anita10@hotmail.com,2{?V6}b8
antonio.kohler@ferry.com,2yMHC&Z>
erdman.rodrigo@tromp.net,Z^*%4eju
mae.dach@hotmail.com,e.n2_$Wx
jerrod.flatley@cassin.com,2x@jJ3+6
della54@bartoletti.com,&W5f.]SM
jay.rohan@conroy.com,*ymb&9LB
ytrantow@gmail.com,J^w=96N[
sylvester.jacobs@gmail.com,PG+Zf-M2
rreinger@rempel.com,Qs2)3^%>
xwalter@tromp.org,m4X%Y^Jr
annabelle.donnelly@kshlerin.com,np.78$qU
thomas.marvin@gmail.com,]>aub8.J
orrin05@paucek.com,3djeC*RN
elwin.ankunding@botsford.com,trSf%J5F
nbauch@yahoo.com,nVy_SU6&
hanna.rath@yahoo.com,!z4{DWA.
amelie65@yahoo.com,7.4gSK=B
alysa67@gmail.com,6?PnLq9S
kamryn.murazik@hammes.com,&Rw2jVJk
obecker@littel.biz,9b?$5zMt
halle04@yahoo.com,T8%.Uyb}
brionna.schimmel@oberbrunner.org,9MCgXU_a
marvin.citlalli@yahoo.com,4ueaBMA+
louisa.crooks@hotmail.com,+78Q&5Mw
gustave.howe@yahoo.com,cY95a(JC
thora.bradtke@treutel.com,9FU(y_2/
wuckert.melba@hotmail.com,_^Ubm{S7
ullrich.magdalena@gmail.com,pSqrg6-U
oschoen@gmail.com,m6}7CpL!
hoeger.conner@monahan.biz,Z7@xzbsn
bergnaum.jillian@rosenbaum.com,^?-Q{8m4
supton@gmail.com,Rt3f.4es
klocko.lloyd@gmail.com,XKE$(d3n
enola.lueilwitz@hegmann.com,.@5KkqvD
jaylan89@gmail.com,@P4s>XgH
eratke@gmail.com,h@X7wEaA
nader.darron@hotmail.com,3@r&^jD6
magnolia.aufderhar@franecki.info,h6C.8>Wt
annette92@gmail.com,m5+XdMuB
bradtke.jayne@hotmail.com,jG=s8)*3
kuphal.roman@yahoo.com,DU4SH-d3
schmidt.eryn@waelchi.com,6JDu}E(c
leilani05@walker.com,yLMsH4n{
amya75@hill.com,y-$6)QB>
alexis.fahey@gmail.com,.8=dwzNs
hackett.theron@yahoo.com,?9Fu&LjN
nella.goldner@gmail.com,jx&b9P!+
bcruickshank@willms.biz,wX/=3Rq)
czieme@swift.com,%9kX8)A+
estell.batz@gmail.com,9eJcDrx^
shemar50@yahoo.com,Qn-)9BS4
kolson@hotmail.com,25(B$R?j
gtillman@hotmail.com,bM.2-mhd
sarai.ebert@hotmail.com,buAsD]9w
daltenwerth@hotmail.com,rW8Q*2@y
ardith30@marks.com,@Th7tC3w
pjones@gmail.com,bS37}am8
zulauf.aditya@gmail.com,=e2G*bz]
jasen56@yahoo.com,y)AcQ2FD
julie.sipes@wintheiser.com,Evd&qj7T
jaunita.lowe@hotmail.com,#NAME?
ernestina.herman@hansen.com,mfbG8CZ?
raven.huels@veum.com,8+SL=(rD
antoinette57@goodwin.com,VWFMj_5G
linwood29@mcclure.net,ZJ?2LYwy
pacocha.janelle@gmail.com,Z9*p45wS
harber.leif@beatty.info,kU-wDE7r
lauer@yahoo.com,N*D4Y7Kw
hazel.corkery@schmeler.com,k%[pt3GK
nicole33@rath.net,6F9=srBh
jschmeler@hotmail.com,4RVS?3dX
mustafa.ratke@weber.com,E[y*dj2D
kuhic.kale@yahoo.com,NL4rtM*s
medhurst.chester@hotmail.com,+6r4gP!.
green.cleora@lueilwitz.com,d$H4+mbr
evalyn.gleason@olson.com,7UuS!>n@
murphy.mariana@yahoo.com,vDy=w4L{
alena.jacobs@hotmail.com,u92Yvqy>
ugoyette@yahoo.com,D_5tH+YT
glover.leila@hotmail.com,C$qkS.>7
christy.buckridge@quitzon.info,9xjMe-az
corkery.pascale@hotmail.com,8xW>nsmF
reynolds.penelope@yahoo.com,mpN?xfG2
orie.collins@kuhic.info,D7(sdgfV
dianna.veum@gmail.com,s3CDf*=K
oliver.mills@gusikowski.biz,S2!)4k_7
pgleason@yahoo.com,n4$AJ3yx
bella.labadie@yahoo.com,-5XKqrfz
hartmann.kayleigh@yahoo.com,zTyBwV/9
sierra36@yahoo.com,2[YvVEGX
donnelly.fred@gmail.com,]k53TZ9v
schmidt.laurie@hessel.com,r&e8CkJ_
leonel46@yahoo.com,NL.Xx2kS
francisco.runte@hotmail.com,97(pkWY]
mossie.jacobi@yahoo.com,{APf4_Q7
beverly.thiel@yahoo.com,=n7ZxMJ)
marks.twila@corwin.com,U=m(P4Nb
atorphy@goodwin.com,2YUh=@/{
clare.rice@gmail.com,tSr.Tz_3
cassandre.runte@yahoo.com,*a)3ZXL4
derick.krajcik@gmail.com,s[PK+9rv
lyda.ratke@glover.com,s?a6FyLr
eryn.legros@yahoo.com,kTr@X8Mb
cole.ricardo@gmail.com,7w?/R=PE
baby76@rau.info,Md&vm7{q
kihn.teagan@yahoo.com,8hF*.X7A
weber.antonetta@wolf.com,&k/3TQts
marquise.mohr@gmail.com,%2*wB}v5
yundt.gerda@yahoo.com,{3g5BvA[
lauren42@parisian.com,DPfTV3])
madelynn56@lind.org,=/D4v*n)
tiana.jones@hotmail.com,^5Par&RA
ojacobson@lemke.com,wt.T8A9a
ldaniel@dibbert.net,F3k4-@59
alene.torp@yahoo.com,DV^S=9b2
beahan.viva@gutmann.org,dgE7()Kx
lynch.ignatius@osinski.biz,#NAME?
kling.francis@yahoo.com,j3yQ!T.p
jhand@hotmail.com,>{z/Sna4
wlind@boyer.net,9+UbwH.8
stiedemann.johnson@renner.info,@3*%Y[7c
koby82@price.com,E=Yz![4@
dhammes@hotmail.com,[&p_U6r%
addie.anderson@bergnaum.com,ks-NSb9M
haven.heathcote@hotmail.com,?wN2hsT-
kaia22@hyatt.com,3Zpt>Aqa
norbert45@blick.org,j9PRy+&M
howell.bridget@hotmail.com,h2tT%)6k
brandi.ullrich@gmail.com,5wA+JpPe
barry.pfannerstill@vandervort.com,2%N7BcAL
missouri.bergstrom@bosco.com,ZX-5@$dH
bsteuber@reichel.biz,eA>_xb8Z
rosalia25@wisoky.info,+wk4R=B]
ischamberger@kunde.com,?P8aH+4S
pouros.mary@gmail.com,=qDjy6z-
anjali.bernhard@hotmail.com,7rD%jXQ5
braun.ines@gmail.com,y7)K3?9*
levi.kautzer@tillman.com,j}Wd)Dy4
sauer.mckenzie@gmail.com,C[GpBn2t
moconnell@yahoo.com,n{a^U92s
bogisich.sigmund@yahoo.com,#NAME?
gudrun24@morar.biz,H&.sbe8D
estefania97@hotmail.com,^9dS$q5/
pspencer@willms.com,]W^?{G7a
quinton34@bahringer.com,Gz$_9Eep
cokon@raynor.com,KE_Sw9m%
ollie35@hilpert.org,ft5QwM[%
lynn09@gmail.com,d8h7P*Ua
kassulke.nels@yahoo.com,Krd3@Gw7
tyshawn65@will.com,jB}4A9*r
columbus71@hotmail.com,=n+>6sK_
aparker@hotmail.com,abrZm.g2
makenna48@ferry.com,!REsWPX6
kiley83@yahoo.com,mghk2]Tp
ewald.cormier@cronin.com,AgT*H6c.
ariane.rath@bode.com,mZF&hU$4
jerde.cristina@hotmail.com,8gnYB%*m
gladys.rosenbaum@nikolaus.org,GNVvP%3F
camille48@spencer.biz,7m3W(Z}G
bauch.laney@yahoo.com,ugz8BaN(
keith04@yahoo.com,7xJqTbM&
zkuhlman@hyatt.biz,6hV_(L^>
fadel.howell@von.org,8]HzNse3
dallin36@ohara.net,RN[7/Yf8
mraynor@gmail.com,{V92dt@L
welch.forest@lynch.com,P-5Yp$X/
rosina.skiles@larson.net,]{)S[3sj
brycen.moore@goldner.net,9V*4FWAb
cole.brannon@dubuque.com,bw5QAj!+
cormier.danial@hotmail.com,.xeq8WCE
ylarson@fahey.com,*!PyV3w9
tmertz@homenick.com,4$5zT8-x
hillary88@erdman.org,P^)&5n=G
heathcote.geo@hotmail.com,8MdF}yhn
jocelyn62@gmail.com,Ue5(X6p+
shaina.gerhold@gmail.com,c^2.K[eH
flavio.reinger@windler.com,>d$Y2RH*
hbeer@yahoo.com,J$^n6X+d
eulah.donnelly@hotmail.com,)LbFtTv7
buford.dickinson@kerluke.com,4/UQEs>Y
fmills@weissnat.com,?W%cGr7E
lebsack.misael@berge.com,M2-zcEdy
geovanni37@yahoo.com,?kvq)W7u
patience92@hotmail.com,L8YT]d2$
paula31@collier.com,2{?V6}b8
herta.beer@hotmail.com,2yMHC&Z>
nick.kris@oconner.net,Z^*%4eju
ygorczany@yahoo.com,e.n2_$Wx
odoyle@johnston.com,2x@jJ3+6
cartwright.gregoria@yahoo.com,&W5f.]SM
katelyn.kuvalis@powlowski.com,*ymb&9LB
electa53@pfannerstill.com,J^w=96N[
wilhelm.lakin@cartwright.com,PG+Zf-M2
dave41@gmail.com,Qs2)3^%>
dmills@johnston.com,m4X%Y^Jr
colin03@johnson.biz,np.78$qU
melba.oreilly@homenick.com,]>aub8.J
flebsack@walter.com,3djeC*RN
dorthy60@ratke.org,trSf%J5F
assunta17@yahoo.com,nVy_SU6&
epredovic@macejkovic.com,!z4{DWA.
pabernathy@hotmail.com,7.4gSK=B
zweber@yahoo.com,6?PnLq9S
idare@gmail.com,&Rw2jVJk
jannie10@baumbach.biz,9b?$5zMt
franz32@johnston.com,T8%.Uyb}
aditya.davis@brekke.com,9MCgXU_a
daron.zemlak@denesik.org,4ueaBMA+
ada40@wuckert.org,+78Q&5Mw
lang.tad@gmail.com,cY95a(JC
meaghan42@gmail.com,9FU(y_2/
wvolkman@robel.com,_^Ubm{S7
xbuckridge@gmail.com,pSqrg6-U
lebsack.curtis@haley.com,m6}7CpL!
alexanne77@parisian.biz,Z7@xzbsn
vmayert@yahoo.com,^?-Q{8m4
laney.heaney@bauch.com,Rt3f.4es
xanderson@jones.com,XKE$(d3n
wcummerata@kihn.net,.@5KkqvD
xframi@yahoo.com,@P4s>XgH
yprohaska@rolfson.com,h@X7wEaA
thora28@schneider.com,3@r&^jD6
nzboncak@renner.com,h6C.8>Wt
cathrine81@orn.com,m5+XdMuB
quigley.kellen@corkery.com,jG=s8)*3
qhegmann@hotmail.com,DU4SH-d3
rutherford.vincent@gmail.com,6JDu}E(c
marshall02@gmail.com,yLMsH4n{
dietrich.tony@veum.biz,y-$6)QB>
akoss@hotmail.com,.8=dwzNs
jflatley@balistreri.com,?9Fu&LjN
cassandre.smith@greenfelder.net,jx&b9P!+
hegmann.rhoda@yahoo.com,wX/=3Rq)
hauck.cory@wilderman.com,%9kX8)A+
lesch.jimmy@connelly.org,9eJcDrx^
florian.mcglynn@yahoo.com,Qn-)9BS4
ehaley@walter.biz,25(B$R?j
spinka.amaya@trantow.biz,bM.2-mhd
akreiger@schmidt.com,buAsD]9w
jmcclure@goldner.org,rW8Q*2@y
juvenal.homenick@kunde.org,@Th7tC3w
hickle.princess@stanton.org,bS37}am8
regan87@hermann.net,=e2G*bz]
cindy99@hill.net,y)AcQ2FD
oconner.kenny@yahoo.com,Evd&qj7T
kirk.collier@huels.com,#NAME?
baylee47@schaden.com,mfbG8CZ?
nkoelpin@daugherty.com,8+SL=(rD
xthompson@anderson.biz,VWFMj_5G
makenna.schneider@gmail.com,ZJ?2LYwy
marcia.mcglynn@oconner.org,Z9*p45wS
juston.wiza@yahoo.com,kU-wDE7r
janessa.graham@hotmail.com,N*D4Y7Kw
jazlyn77@watsica.com,k%[pt3GK
lhand@yahoo.com,6F9=srBh
lillie.dare@gmail.com,4RVS?3dX
camylle08@auer.com,E[y*dj2D
milford.effertz@cassin.com,NL4rtM*s
antonietta.hackett@conroy.com,+6r4gP!.
ychristiansen@hotmail.com,d$H4+mbr
willie.maggio@barton.com,7UuS!>n@
general60@hotmail.com,vDy=w4L{
vortiz@hotmail.com,u92Yvqy>
barney88@gmail.com,D_5tH+YT
